27111,50045888271116
27121,50045888271215
27101,50045888271017
27112,50045888271123
27122,50045888271222
57011,50045888570110
27114,50045888271147
27104,50045888271048
27174,50045888271741
27110,50045888271109
27120,50045888271208
50000,50045888500001
50001,50045888500018
27119,50045888271192
37111,50045888371113
37112,50045888371120
27211,50045888272113
27312,50045888273127
27310,50045888273103
27411,50045888274117
27412,50045888274124
27502,50045888275022
27522,50045888275220
29211,50045888292111
29212,50045888292128
29222,50045888292227
29210,50045888292104
29220,50045888292203
29210UPC,50045888292104
29220UPC,50045888292203
29411,50045888294115
29510UPC,50045888295105
29811,50045888298113
29817,50045888298175
50100,50045888501008
27777,50045888277774
50162,50045888501628
27110UPC,50045888271109
27120UPC,50045888271208
27130UPC,50045888271307
27210UPC,50045888272106
27310UPC,50045888273103
54310UPC,50045888543107
27710UPC,50045888277101
23030,50045888230304
23230,50045888232308
23610,50045888236108
23620,50045888236207
23630,50045888236306
23640,50045888236405
20144,50045888201441
21144,50045888211440
22144,50045888221449
23072,50045888230724
23144,50045888231448
23172,50045888231721
23272,50045888232728
23372,50045888233725
23472,50045888234722
24144,50045888241447
22212,50045888222125
22222,50045888222224
22215,50045888222156
22205,50045888222057
22271,50045888222712
22270,50045888222705
22276,50045888222767
32073,50045888320739
22218,50045888222187
22208,50045888222088
12221,50045888122210
12225,50045888122258
12223,50045888122234
22148,50045888221487
22248,50045888222484
22048,50045888220480
22210,50045888222101
22220,50045888222200
22230,50045888222309
50019,50045888500193
50018,50045888500186
22207,50045888222071
22210UPC,50045888222101
22220UPC,50045888222200
22230UPC,50045888222309
22240UPC,50045888222408
22160UPC,50045888221609
22170UPC,50045888221708
22280UPC,50045888222804
22190UPC,50045888221906
22603,50045888226031
22805,50045888228059
25512,50045888255123
25522,50045888255222
25504,50045888255048
25515,50045888255154
25505,50045888255055
25509,50045888255093
25510,50045888255109
25520,50045888255208
25530,50045888255307
25540,50045888255406
50049,50045888500490
50047,50045888500476
25507,50045888255079
25510UPC,50045888255109
25520UPC,50045888255208
25530UPC,50045888255307
25540UPC,50045888255406
25550UPC,50045888255505
25560UPC,50045888255604
25570UPC,50045888255703
25580UPC,50045888255802
22412,50045888224129
22410,50045888224105
22420,50045888224204
22430,50045888224303
20510,50045888205104
20520,50045888205203
20530,50045888205302
32577,50045888325772
21914,50045888219149
21974,50045888219743
21915,50045888219156
21905,50045888219057
21910,50045888219101
21920,50045888219200
21930,50045888219309
50064,50045888500643
92209,50045888922094
92208,50045888922087
20924,
21907,50045888219071
21910UPC,50045888219101
21920UPC,50045888219200
21930UPC,50045888219309
21940UPC,50045888219408
21960UPC,50045888219606
21970UPC,50045888219705
21980UPC,50045888219804
21812,50045888218128
21875,50045888218753
21810,50045888218104
21820,50045888218203
21711,50045888217114
21721,50045888217213
21704,50045888217046
50057,50045888500575
50059,50045888500599
21710,50045888217107
21720,50045888217206
21310,50045888213109
21320,50045888213208
37111,50045888371113
37112,50045888371120
32073,50045888320739
41311,50045888413110
41321,50045888413219
41312,50045888413127
41322,50045888413226
41310,50045888413103
41320,50045888413202
50004,50045888500049
50005,50045888500056
41310UPC,50045888413103
41320UPC,50045888413202
40111,50045888401117
40211,50045888402114
40311,50045888403111
40101,50045888401018
40112,50045888401124
40212,50045888402121
40312,50045888403128
40102,50045888401025
40710,50045888407102
49211,50045888492115
49212,50045888492122
49210,50045888492108
49210UPC,50045888492108
45604,50045888456049
45610,50045888456100
45620,50045888456209
45630,50045888456308
45640,50045888456407
42612,50045888426127
42622,50045888426226
42682,50045888426820
42610,50045888426103
42620,50045888426202
42630,50045888426301
42680,50045888426806
50024,50045888500247
46710,50045888467106
46720,50045888467205
46730,50045888467304
46812,50045888468127
46822,50045888468226
46802,50045888468028
46803,50045888468035
46814,50045888468141
46874,50045888468745
46894,50045888468943
46885,50045888468851
46865,50045888468653
46871,50045888468714
46881,50045888468813
46801,50045888468011
46824,50045888468240
99205,50045888992059
14680,50045888146803
46136,50045888461364
46236,50045888462361
46036,50045888460367
46810,50045888468103
46820,50045888468202
46830,50045888468301
46930,50045888469308
46940,50045888469407
46610,50045888466109
46620,50045888466208
46630,50045888466307
46907,50045888469070
46810UPC,50045888468103
46820UPC,50045888468202
46830UPC,50045888468301
46840UPC,50045888468400
46870UPC,50045888468707
46880UPC,50045888468806
46910UPC,50045888469100
46920UPC,50045888469209
46930UPC,50045888469308
46940UPC,50045888469407
29817,50045888466079
46610UPC,50045888466109
46620UPC,50045888466208
46630UPC,50045888466307
47112,50045888471127
47104,50045888471042
47024,50045888470243
42710,50045888427100
42720,50045888427209
42730,50045888427308
47110,50045888471103
47120,50045888471202
47130,50045888471301
43710,50045888437109
43720,50045888437208
43730,50045888437307
47208,50045888472087
47220,50045888472209
47310,50045888473107
47320,50045888473206
47330,50045888473305
47307,50045888473077
47777,50045888477778
50163,50045888501633
47230UPC,50045888472308
47300UPC,50045888473008
47310UPC,50045888473107
47320UPC,50045888473206
47330UPC,50045888473305
47340UPC,50045888473404
47350UPC,50045888473503
47360UPC,50045888473602
47370UPC,50045888473701
47380UPC,50045888473800
47390UPC,50045888473909
47400UPC,50045888474005
47440UPC,50045888474401
47450UPC,50045888474500
47460UPC,50045888474609
47470UPC,50045888474708
47480UPC,50045888474807
47490UPC,50045888474906
47500UPC,50045888475002
47560UPC,50045888475606
48710,
48720,
48730,
48810,
48820,
48830,
48908,50045888489085
49777,50045888497776
50144,50045888501442
48920UPC,50045888489207
48930UPC,50045888489306
48940UPC,50045888489405
48970UPC,50045888489702
48980UPC,50045888489801
48990UPC,50045888489900
48900UPC,50045888489009
48960UPC,50045888489603
49308,50045888493082
49309,50045888493099
49310UPC,50045888493105
49350UPC,50045888493501
49300UPC,50045888493006
49340UPC,50045888493402
49320UPC,50045888493204
49390UPC,50045888493907
49380UPC,50045888493808
49370UPC,50045888493709
49330UPC,50045888493303
46410,50045888464105
46420,50045888464204
46430,50045888464303
45211,50045888452119
45311,50045888453116
45511,50045888455110
45201,50045888452010
45101,50045888451013
48611,50045888486114
45301,50045888453017
45111,50045888451112
45207,50045888452072
45107
50067,50045888500674
45307,50045888453079
50070,50045888500704
41010,50045888410102
41020,50045888410201
41030,50045888410300
41017,50045888410171
44110,50045888441106
44120,50045888441205
14410,50045888144106
43110,50045888431107
43120,50045888431206
41710,50045888417101
41810,50045888418108
41910,
41970,
41960,50045888419600
44404,50045888444046
44024,
44410,50045888444107
44420,50045888444206
44430,50045888444305
44480,50045888444800
48111,50045888481119
48311,50045888483113
48312,50045888483120
48304,50045888483045
48307,50045888483076
48310,50045888483106
48320,50045888483205
50055,50045888500551
50056,50045888500568
48317,50045888483175
54011,50045888540113
54012,50045888540120
57011,50045888570110
54010,50045888540106
54020,50045888540205
50006,50045888500063
50007,50045888500070
54311,50045888543114
54312,50045888543121
54310,50045888543107
54010UPC,50045888540106
54310UPC,50045888543107
50009,50045888500094
50023,50045888500230
57111,50045888571117
57211,50045888572114
57311,50045888573111
57711,50045888577119
57112,50045888571124
57212,50045888572121
57312,50045888573128
57712,50045888577126
57110,50045888571100
59411,50045888594116
59410UPC,50045888594109
58611,50045888586111
58621,50045888586210
58691,50045888586913
58601,50045888586012
58607,50045888586074
58907,50045888589075
58617,50045888586173
58807
58707,50045888587071
58600UPC,50045888586005
58610UPC,50045888586104
58620UPC,50045888586203
52310,50045888523109
52405,50045888524052
52471,50045888524717
52208,50045888522089
15241,50045888152415
52410,50045888524106
52420,50045888524205
55412,50045888554127
55403,50045888554035
55603,50045888556039
55703,50045888557036
55503,50045888555032
55803,50045888558033
55505,50045888555056
55410,50045888554103
55420,50045888554202
50054,50045888500544
55517,50045888555179
55507,50045888555070
55410UPC,50045888554103
55420UPC,50045888554202
55440UPC,50045888554400
55450UPC,50045888554509
55470UPC,50045888554707
55490UPC	Â 50045888554905
55670UPC,50045888556701
55680UPC,50045888556800
55660UPC,50045888556602
55650UPC,50045888556503
55640UPC,50045888556404
55620UPC,50045888556206
52612,50045888526124
52610,50045888526100
52802,50045888528029
52816,50045888528166
52810,50045888528104
56601,50045888566014
51206,50045888512066
51211,50045888512110
51291,50045888512912
56607,50045888566076
56608,50045888566083
51316,50045888513162
51311,50045888513117
51351,50045888513513
51350,50045888513506
51391,50045888513919
51307,50045888513070
50206,50045888502067
50212,50045888502128
50026,50045888500261
55301,50045888553014
55302,50045888553021
50030,50045888500308
07112,50045888071129
07110,50045888071105
08112,50045888081128
08124,50045888081241
54107,50045888541073
08777,50045888087779
50166,50045888501466
53210UPC,50045888532101
53220UPC,50045888532200
53230UPC,50045888532309
53240UPC,50045888532408
53250UPC,50045888532507
53260UPC,50045888532606
53270UPC,50045888532705
53280UPC,50045888532804
53290UPC,50045888532903
53310UPC,50045888533108
53320UPC,50045888533207
53330UPC,50045888533306
53340UPC,50045888533405
53350UPC,50045888533504
53370UPC,50045888533702
53390UPC,50045888533900
53450UPC,50045888534501
53460UPC,50045888534600
53470UPC,50045888534709
53480UPC,50045888534808
53490UPC,50045888534907
53510UPC,50045888535102
53540UPC,50045888535409
53570UPC,50045888535706
52812,50045888528128
56602,50045888566021
56609,50045888566090
87113,50045888871132
87103,50045888871033
82110,
05211,50045888052111
05311,50045888053118
05511,50045888055112
05611,50045888056119
52117,50045888521174
05707,50045888057079
06111,50045888061113
06211,50045888062110
06311,50045888063117
06001,50045888060017
33201,50045888332015
33111,50045888331117
33161,50045888331612
33102,50045888331025
33601,50045888336013
36301,50045888363019
33602,50045888336020
36307,50045888363071
33677,50045888336778
33321,50045888333210
33311,50045888333111
33301,50045888333012
32301,50045888323013
65111,50045888651116
65121,50045888651215
65131,50045888651314
65141,50045888651413
50058,50045888500582
65107,50045888651079
65117,50045888651178
65110UPC,50045888651109
65210,50045888652106
69012,50045888690122
69107,
50178,
69110UPC,50045888691105
69120UPC,50045888691204
69130UPC,50045888691303
69140UPC,50045888691402
69150UPC,50045888691501
69170UPC,50045888691709
69190UPC,50045888691907
69210UPC,50045888692102
69220UPC,50045888692201
69240UPC,50045888692409
69250UPC,50045888692508
69480UPC,50045888694809
66112,50045888661122
66114,50045888661146
66104,50045888661047
67106,50045888671060
67206,50045888672067
67306,50045888673064
67406,50045888674061
66108,50045888661085
67101,50045888671015
67012,50045888670124
66110,50045888661108
66120,50045888661207
67117,50045888671176
67107,50045888671077
09777,50045888097778
50165,50045888501657
66110UPC,50045888661108
66120UPC,50045888661207
66130UPC,50045888661306
66140UPC,50045888661405
66150UPC,50045888661504
66160UPC,50045888661603
66170UPC,50045888661702
66180UPC,50045888661801
66190UPC,50045888661900
67110UPC,50045888671107
67120UPC,50045888671206
67150UPC,50045888671503
67160UPC,50045888671602
67170UPC,50045888671701
67180UPC,50045888671800
67190UPC,50045888671909
68110UPC,50045888681106
68120UPC,50045888681205
68130UPC,50045888681304
68140UPC,50045888681403
68150UPC,50045888681502
68160UPC,50045888681601
68170UPC,50045888681700
68180UPC,50045888681809
77005,50045888770053
71111,50045888711117
77050,50045888770503
77070,50045888770701
77007,50045888770077
77050UPC,50045888770503
77030UPC,50045888770305
77040UPC,50045888770404
77070UPC,50045888770701
77090UPC,50045888770909
77110UPC,50045888771104
77130UPC,50045888771302
77180UPC,50045888771807
77210UPC,50045888772101
77270UPC,50045888772705
75052,50045888750529
75005,50045888750055
75050,50045888750505
75070,50045888750703
50031,50045888500315
75007,50045888750079
71605,50045888716051
71607,50045888716075
71620UPC,50045888716204
71640UPC,50045888716402
71650UPC,50045888716501
71670UPC,50045888716709
71680UPC,50045888716808
78105	50045888781059
78205	50045888782056
78305	50045888783053
78405	50045888784050
78505	50045888785057
78155,
78805,
78175,
78108,50045888781080
78101,50045888781011
78501	50045888785019
78115,50045888781158
78107,50045888781073
78777,50045888787778
50147,50045888501473
78110UPC,50045888781103
78120UPC,50045888781202
78130UPC,50045888781301
78140UPC,50045888781400
78150UPC,50045888781509
78170UPC,50045888781707
78180UPC,50045888781806
78190UPC,50045888781905
78220UPC,50045888782209
78230UPC,50045888782308
78270UPC,50045888782704
78320UPC,50045888783206
78350UPC,50045888783503
78420UPC,50045888784203
78440UPC,50045888784401
78450UPC,50045888784500
78470UPC,50045888784708
78490UPC,50045888784906
78510UPC,50045888785101
78550UPC,50045888785507
78560UPC,50045888785606
78570UPC,50045888785705
78580UPC,50045888785804
78590UPC,50045888785903
10012,50045888100126
10014,50045888100140
27711,50045888277118
90112,50045888901129
37111,50045888371113
37112,50045888371120
32073,50045888320739
32071,50045888320715
50037,50045888500377
22510,50045888225102
22520,50045888225201
10519,50045888105190
01111,50045888011118
01211,50045888012115
01411,50045888014119
01511,50045888015116
58107,50045888581079
01107,50045888011071
59107,50045888591078
01777,50045888017776
50141,50045888501411
01110UPC,50045888011101
01210UPC,50045888021100
01410UPC,50045888014102
01510UPC,50045888015109
01106,50045888011064
01207,50045888012078
01130UPC,50045888011309
01180UPC,50045888011804
01190UPC,50045888011903
01140UPC,50045888011309
01160UPC,50045888011606
01170UPC,50045888011705
79105,50045888791058
79205,50045888792055
79305,50045888793052
79101,50045888791010
79115,50045888791157
79777,50045888797777
50168,50045888501688
79250UPC,50045888792505
79230UPC,50045888792307
79350UPC,50045888793502
79270UPC,50045888792703
79420UPC,50045888794202
79130UPC,50045888791300
79180UPC,50045888791805
79110UPC,50045888791102
79320UPC,50045888793205
79140UPC,50045888791409
79120UPC,50045888791201
79200UPC,50045888792000
79150UPC,50045888791508
79190UPC,50045888791904
79170UPC,50045888791706
01603,50045888016038
01607,50045888016076
01677,50045888016779
01657,50045888016571
50177,50045888510772
01690UPC,50045888016908
01680UPC,50045888016809
01670UPC,50045888016700
01650UPC,50045888106502
01640UPC,50045888016403
01620UPC,50045888016205
01600UPC,50045888016007
80100,50045888801009
03103,50045888031031
02103,50045888021032
02106,50045888021063
55107,50045888551072
03107,50045888031079
02107,50045888021070
02777,50045888027775
50140,50045888501404
02110UPC,50045888021100
02210UPC,50045888022107
02330UPC,50045888023302
02440UPC,50045888024408
02550UPC,50045888025504
02580UPC,50045888025801
03110UPC,50045888031109
03210UPC,50045888032106
03310UPC,50045888033103
09012,50045888090120
09024,50045888090243
56107,50045888561071
04112,50045888041122
04004,50045888040040
04007,50045888040071
51107,50045888511076
48607,50045888486077
48507,50045888485070
48310UPC,50045888483106
48320UPC,50045888483205
48330UPC,50045888483304
48340UPC,50045888483403
48360UPC,50045888483601
48370UPC,50045888483700
48380UPC,50045888483809
85212,50045888852124
85511,50045888855118
85512,50045888855125
85522,50045888855224
85532,50045888855323
85412,50045888854128
85422,50045888854227
82712,50045888827122
84412,50045888844129
85612,50045888856122
89112,50045888891123
89120,50045888891208
80111,50045888801115
80121,50045888801214
80131,50045888801313
80141,50045888801412
88012,50045888880127
88112,50045888881124
88122,50045888881223
87012,50045888870128
87022,50045888870227
87032,50045888870326
87712,50045888877127
84412,50045888844129
85612,50045888856122
86912,50045888869122
86812,50045888868125
89881,50045888898818
99511,50045888995111
99611,50045888996118
99911,50045888999911
87113,50045888871132
87103,50045888871033
83204,50045888832041
83225,50045888832256
83211,50045888832119
82118,50045888821182
82124,50045888821243
02777,50045888027775
50140,50045888501404
01777,50045888017776
50141,50045888501411
27777,50045888277774
50162,50045888501628
47777,50045888477778
50163,50045888501633
49777,50045888497776
50144,50045888501442
09777,50045888097778
50165,50045888501657
08777,50045888087779
50166,50045888501466
78777,50045888787778
50147,50045888501473
79777,50045888797777
50168,50045888501688
01657,50045888016571
50177,50045888510772
69107,
50178,